{
  "ANDAMAN & NICOBAR ISLANDS": {
      "districts": [
        {
        "name": "Nicobars"
      },
      {
        "name": "North and Middle Andaman"
      },
      {
        "name": "South Andaman"
      }
    ]
  },
  "ANDHRA PRADESH": {
    "districts": [
      {
        "name": "Anantapur"
      },
      {
        "name": "Chittoor"
      },
      {
        "name": "East Godavari"
      },
      {
        "name": "Guntur"
      },
      {
        "name": "Krishna"
      },
      {
        "name": "Kurnool"
      },
      {
        "name": "Prakasam"
      },
      {
        "name": "Sri Potti Sriramulu Nellore"
      },
      {
        "name": "Srikakulam"
      },
      {
        "name": "Visakhapatnam"
      },
      {
        "name": "Vizianagaram"
      },
      {
        "name": "West Godavari"
      },
      {
        "name": "Y.S.R."
      }
    ]
  },
  "ARUNACHAL PRADESH": {
    "districts": [
      {
        "name": "Anjaw"
      },
      {
        "name": "Changlang"
      },
      {
        "name": "Dibang Valley"
      },
      {
        "name": "East Kameng"
      },
      {
        "name": "East Siang"
      },
      {
        "name": "Kra Daadi"
      },
      {
        "name": "Kurung Kumey"
      },
      {
        "name": "Lohit"
      },
      {
        "name": "Lower Dibang Valley"
      },
      {
        "name": "Lower Siang"
      },
      {
        "name": "Lower Subansiri"
      },
      {
        "name": "Namsai"
      },
      {
        "name": "Papum Pare"
      },
      {
        "name": "Siang"
      },
      {
        "name": "Tawang"
      },
      {
        "name": "Tirap"
      },
      {
        "name": "Upper Siang"
      },
      {
        "name": "Upper Subansiri"
      },
      {
        "name": "West Kameng"
      },
      {
        "name": "West Siang"
      }
    ]
  },
  "ASSAM": {
    "districts": [
      {
        "name": "Baksa"
      },
      {
        "name": "Barpeta"
      },
      {
        "name": "Biswanath"
      },
      {
        "name": "Bongaigaon"
      },
      {
        "name": "Cachar"
      },
      {
        "name": "Charaideo"
      },
      {
        "name": "Chirang"
      },
      {
        "name": "Darrang"
      },
      {
        "name": "Dhemaji"
      },
      {
        "name": "Dhubri"
      },
      {
        "name": "Dibrugarh"
      },
      {
        "name": "Dima Hasao"
      },
      {
        "name": "Goalpara"
      },
      {
        "name": "Golaghat"
      },
      {
        "name": "Hailakandi"
      },
      {
        "name": "Hojai"
      },
      {
        "name": "Jorhat"
      },
      {
        "name": "Kamrup"
      },
      {
        "name": "Kamrup Metropolitan"
      },
      {
        "name": "Karbi Anglong"
      },
      {
        "name": "Karimganj"
      },
      {
        "name": "Kokrajhar"
      },
      {
        "name": "Lakhimpur"
      },
      {
        "name": "Majuli"
      },
      {
        "name": "Morigaon"
      },
      {
        "name": "Nagaon"
      },
      {
        "name": "Nalbari"
      },
      {
        "name": "Sivasagar"
      },
      {
        "name": "Sonitpur"
      },
      {
        "name": "South Salamara-Mankachar"
      },
      {
        "name": "Tinsukia"
      },
      {
        "name": "Udalguri"
      },
      {
        "name": "West Karbi Anglong"
      }
    ]
  },
  "BIHAR": {
    "districts": [
      {
        "name": "Araria"
      },
      {
        "name": "Arwal"
      },
      {
        "name": "Aurangabad"
      },
      {
        "name": "Banka"
      },
      {
        "name": "Begusarai"
      },
      {
        "name": "Bhagalpur"
      },
      {
        "name": "Bhojpur"
      },
      {
        "name": "Buxar"
      },
      {
        "name": "Darbhanga"
      },
      {
        "name": "Gaya"
      },
      {
        "name": "Gopalganj"
      },
      {
        "name": "Jamui"
      },
      {
        "name": "Jehanabad"
      },
      {
        "name": "Kaimur (Bhabua)"
      },
      {
        "name": "Katihar"
      },
      {
        "name": "Khagaria"
      },
      {
        "name": "Kishanganj"
      },
      {
        "name": "Lakhisarai"
      },
      {
        "name": "Madhepura"
      },
      {
        "name": "Madhubani"
      },
      {
        "name": "Munger"
      },
      {
        "name": "Muzaffarpur"
      },
      {
        "name": "Nalanda"
      },
      {
        "name": "Nawada"
      },
      {
        "name": "Pashchim Champaran"
      },
      {
        "name": "Patna"
      },
      {
        "name": "Purbi Champaran"
      },
      {
        "name": "Purnia"
      },
      {
        "name": "Rohtas"
      },
      {
        "name": "Saharsa"
      },
      {
        "name": "Samastipur"
      },
      {
        "name": "Saran"
      },
      {
        "name": "Sheikhpura"
      },
      {
        "name": "Sheohar"
      },
      {
        "name": "Sitamarhi"
      },
      {
        "name": "Siwan"
      },
      {
        "name": "Supaul"
      },
      {
        "name": "Vaishali"
      }
    ]
  },
  "CHANDIGARH": {
    "districts": [
      {
        "name": "Chandigarh"
      }
    ]
  },
  "CHHATTISGARH": {
    "districts": [
      {
        "name": "Balod"
      },
      {
        "name": "Baloda Bazar"
      },
      {
        "name": "Balrampur"
      },
      {
        "name": "Bastar"
      },
      {
        "name": "Bemetara"
      },
      {
        "name": "Bijapur"
      },
      {
        "name": "Bilaspur"
      },
      {
        "name": "Dakshin Bastar Dantewada"
      },
      {
        "name": "Dhamtari"
      },
      {
        "name": "Durg"
      },
      {
        "name": "Gariyaband"
      },
      {
        "name": "Janjgir - Champa"
      },
      {
        "name": "Jashpur"
      },
      {
        "name": "Kabeerdham"
      },
      {
        "name": "Kondagaon"
      },
      {
        "name": "Korba"
      },
      {
        "name": "Koriya"
      },
      {
        "name": "Mahasamund"
      },
      {
        "name": "Mungeli"
      },
      {
        "name": "Narayanpur"
      },
      {
        "name": "Raigarh"
      },
      {
        "name": "Raipur"
      },
      {
        "name": "Rajnandgaon"
      },
      {
        "name": "Sukma"
      },
      {
        "name": "Surajpur"
      },
      {
        "name": "Surguja"
      },
      {
        "name": "Uttar Bastar Kanker"
      }
    ]
  },
  "DADRA & NAGAR HAVELI": {
    "districts": [
      {
        "name": "Dadra and Nagar Haveli"
      }
    ]
  },
  "DAMAN AND DIU": {
    "districts": [
      {
        "name": "Daman"
      },
      {
        "name": "Diu"
      }
    ]
  },
  "GOA": {
    "districts": [
      {
        "name": "North Goa"
      },
      {
        "name": "South Goa"
      }
    ]
  },
  "GUJARAT": {
    "districts": [
      {
        "name": "Ahmadabad"
      },
      {
        "name": "Amreli"
      },
      {
        "name": "Anand"
      },
      {
        "name": "Arvalli"
      },
      {
        "name": "Banas Kantha"
      },
      {
        "name": "Bharuch"
      },
      {
        "name": "Bhavnagar"
      },
      {
        "name": "Botad"
      },
      {
        "name": "Chhota Udepur"
      },
      {
        "name": "Devbhoomi Dwarka"
      },
      {
        "name": "Dohad"
      },
      {
        "name": "Gandhinagar"
      },
      {
        "name": "Gir Somnath"
      },
      {
        "name": "Jamnagar"
      },
      {
        "name": "Junagadh"
      },
      {
        "name": "Kachchh"
      },
      {
        "name": "Kheda"
      },
      {
        "name": "Mahesana"
      },
      {
        "name": "Mahisagar"
      },
      {
        "name": "Morbi"
      },
      {
        "name": "Narmada"
      },
      {
        "name": "Navsari"
      },
      {
        "name": "Panch Mahals"
      },
      {
        "name": "Patan"
      },
      {
        "name": "Porbandar"
      },
      {
        "name": "Rajkot"
      },
      {
        "name": "Sabar Kantha"
      },
      {
        "name": "Surat"
      },
      {
        "name": "Surendranagar"
      },
      {
        "name": "Tapi"
      },
      {
        "name": "The Dangs"
      },
      {
        "name": "Vadodara"
      },
      {
        "name": "Valsad"
      }
    ]
  },
  "HARYANA": {
    "districts": [
      {
        "name": "Ambala"
      },
      {
        "name": "Bhiwani"
      },
      {
        "name": "Charkhi Dadri"
      },
      {
        "name": "Faridabad"
      },
      {
        "name": "Fatehabad"
      },
      {
        "name": "Gurgaon"
      },
      {
        "name": "Hisar"
      },
      {
        "name": "Jhajjar"
      },
      {
        "name": "Jind"
      },
      {
        "name": "Kaithal"
      },
      {
        "name": "Karnal"
      },
      {
        "name": "Kurukshetra"
      },
      {
        "name": "Mahendragarh"
      },
      {
        "name": "Mewat"
      },
      {
        "name": "Palwal"
      },
      {
        "name": "Panchkula"
      },
      {
        "name": "Panipat"
      },
      {
        "name": "Rewari"
      },
      {
        "name": "Rohtak"
      },
      {
        "name": "Sirsa"
      },
      {
        "name": "Sonipat"
      },
      {
        "name": "Yamunanagar"
      }
    ]
  },
  "HIMACHAL PRADESH": {
    "districts": [
      {
        "name": "Bilaspur"
      },
      {
        "name": "Chamba"
      },
      {
        "name": "Hamirpur"
      },
      {
        "name": "Kangra"
      },
      {
        "name": "Kinnaur"
      },
      {
        "name": "Kullu"
      },
      {
        "name": "Lahul Spiti"
      },
      {
        "name": "Mandi"
      },
      {
        "name": "Shimla"
      },
      {
        "name": "Sirmaur"
      },
      {
        "name": "Solan"
      },
      {
        "name": "Una"
      }
    ]
  },
  "JAMMU AND KASHMIR": {
    "districts": [
      {
        "name": "Anantnag"
      },
      {
        "name": "Badgam"
      },
      {
        "name": "Bandipore"
      },
      {
        "name": "Baramula"
      },
      {
        "name": "Doda"
      },
      {
        "name": "Ganderbal"
      },
      {
        "name": "Jammu"
      },
      {
        "name": "Kargil"
      },
      {
        "name": "Kathua"
      },
      {
        "name": "Kishtwar"
      },
      {
        "name": "Kulgam"
      },
      {
        "name": "Kupwara"
      },
      {
        "name": "Leh(Ladakh)"
      },
      {
        "name": "Pulwama"
      },
      {
        "name": "Punch"
      },
      {
        "name": "Rajouri"
      },
      {
        "name": "Ramban"
      },
      {
        "name": "Reasi"
      },
      {
        "name": "Samba"
      },
      {
        "name": "Shupiyan"
      },
      {
        "name": "Srinagar"
      },
      {
        "name": "Udhampur"
      }
    ]
  },
  "JHARKHAND": {
    "districts": [
      {
        "name": "Bokaro"
      },
      {
        "name": "Chatra"
      },
      {
        "name": "Deoghar"
      },
      {
        "name": "Dhanbad"
      },
      {
        "name": "Dumka"
      },
      {
        "name": "Garhwa"
      },
      {
        "name": "Giridih"
      },
      {
        "name": "Godda"
      },
      {
        "name": "Gumla"
      },
      {
        "name": "Hazaribagh"
      },
      {
        "name": "Jamtara"
      },
      {
        "name": "Khunti"
      },
      {
        "name": "Kodarma"
      },
      {
        "name": "Latehar"
      },
      {
        "name": "Lohardaga"
      },
      {
        "name": "Pakur"
      },
      {
        "name": "Palamu"
      },
      {
        "name": "Pashchimi Singhbhum"
      },
      {
        "name": "Purbi Singhbhum"
      },
      {
        "name": "Ramgarh"
      },
      {
        "name": "Ranchi"
      },
      {
        "name": "Sahibganj"
      },
      {
        "name": "Saraikela-Kharsawan"
      },
      {
        "name": "Simdega"
      }
    ]
  },
  "KARNATAKA": {
    "districts": [
      {
        "name": "Bagalkot"
      },
      {
        "name": "Bangalore"
      },
      {
        "name": "Bangalore Rural"
      },
      {
        "name": "Belgaum"
      },
      {
        "name": "Bellary"
      },
      {
        "name": "Bidar"
      },
      {
        "name": "Bijapur"
      },
      {
        "name": "Chamarajanagar"
      },
      {
        "name": "Chikkaballapura"
      },
      {
        "name": "Chikmagalur"
      },
      {
        "name": "Chitradurga"
      },
      {
        "name": "Dakshina Kannada"
      },
      {
        "name": "Davanagere"
      },
      {
        "name": "Dharwad"
      },
      {
        "name": "Gadag"
      },
      {
        "name": "Gulbarga"
      },
      {
        "name": "Hassan"
      },
      {
        "name": "Haveri"
      },
      {
        "name": "Kodagu"
      },
      {
        "name": "Kolar"
      },
      {
        "name": "Koppal"
      },
      {
        "name": "Mandya"
      },
      {
        "name": "Mysore"
      },
      {
        "name": "Raichur"
      },
      {
        "name": "Ramanagara"
      },
      {
        "name": "Shimoga"
      },
      {
        "name": "Tumkur"
      },
      {
        "name": "Udupi"
      },
      {
        "name": "Uttara Kannada"
      },
      {
        "name": "Yadgir"
      }
    ]
  },
  "KERALA": {
    "districts": [
      {
        "name": "Alappuzha"
      },
      {
        "name": "Ernakulam"
      },
      {
        "name": "Idukki"
      },
      {
        "name": "Kannur"
      },
      {
        "name": "Kasaragod"
      },
      {
        "name": "Kollam"
      },
      {
        "name": "Kottayam"
      },
      {
        "name": "Kozhikode"
      },
      {
        "name": "Malappuram"
      },
      {
        "name": "Palakkad"
      },
      {
        "name": "Pathanamthitta"
      },
      {
        "name": "Thiruvananthapuram"
      },
      {
        "name": "Thrissur"
      },
      {
        "name": "Wayanad"
      }
    ]
  },
  "LAKSHADWEEP": {
    "districts": [
      {
        "name": "Lakshadweep"
      }
    ]
  },
  "MADHYA PRADESH": {
    "districts": [
      {
        "name": "Agar Malwa"
      },
      {
        "name": "Alirajpur"
      },
      {
        "name": "Anuppur"
      },
      {
        "name": "Ashoknagar"
      },
      {
        "name": "Balaghat"
      },
      {
        "name": "Barwani"
      },
      {
        "name": "Betul"
      },
      {
        "name": "Bhind"
      },
      {
        "name": "Bhopal"
      },
      {
        "name": "Burhanpur"
      },
      {
        "name": "Chhatarpur"
      },
      {
        "name": "Chhindwara"
      },
      {
        "name": "Damoh"
      },
      {
        "name": "Datia"
      },
      {
        "name": "Dewas"
      },
      {
        "name": "Dhar"
      },
      {
        "name": "Dindori"
      },
      {
        "name": "Guna"
      },
      {
        "name": "Gwalior"
      },
      {
        "name": "Harda"
      },
      {
        "name": "Hoshangabad"
      },
      {
        "name": "Indore"
      },
      {
        "name": "Jabalpur"
      },
      {
        "name": "Jhabua"
      },
      {
        "name": "Katni"
      },
      {
        "name": "Khandwa (East Nimar)"
      },
      {
        "name": "Khargone (West Nimar)"
      },
      {
        "name": "Mandla"
      },
      {
        "name": "Mandsaur"
      },
      {
        "name": "Morena"
      },
      {
        "name": "Narsimhapur"
      },
      {
        "name": "Neemuch"
      },
      {
        "name": "Panna"
      },
      {
        "name": "Raisen"
      },
      {
        "name": "Rajgarh"
      },
      {
        "name": "Ratlam"
      },
      {
        "name": "Rewa"
      },
      {
        "name": "Sagar"
      },
      {
        "name": "Satna"
      },
      {
        "name": "Sehore"
      },
      {
        "name": "Seoni"
      },
      {
        "name": "Shahdol"
      },
      {
        "name": "Shajapur"
      },
      {
        "name": "Sheopur"
      },
      {
        "name": "Shivpuri"
      },
      {
        "name": "Sidhi"
      },
      {
        "name": "Singrauli"
      },
      {
        "name": "Tikamgarh"
      },
      {
        "name": "Ujjain"
      },
      {
        "name": "Umaria"
      },
      {
        "name": "Vidisha"
      }
    ]
  },
  "MAHARASHTRA": {
    "districts": [
      {
        "name": "Ahmadnagar"
      },
      {
        "name": "Akola"
      },
      {
        "name": "Amravati"
      },
      {
        "name": "Aurangabad"
      },
      {
        "name": "Bhandara"
      },
      {
        "name": "Bid"
      },
      {
        "name": "Buldana"
      },
      {
        "name": "Chandrapur"
      },
      {
        "name": "Dhule"
      },
      {
        "name": "Gadchiroli"
      },
      {
        "name": "Gondiya"
      },
      {
        "name": "Hingoli"
      },
      {
        "name": "Jalgaon"
      },
      {
        "name": "Jalna"
      },
      {
        "name": "Kolhapur"
      },
      {
        "name": "Latur"
      },
      {
        "name": "Mumbai"
      },
      {
        "name": "Mumbai Suburban"
      },
      {
        "name": "Nagpur"
      },
      {
        "name": "Nanded"
      },
      {
        "name": "Nandurbar"
      },
      {
        "name": "Nashik"
      },
      {
        "name": "Osmanabad"
      },
      {
        "name": "Palghar"
      },
      {
        "name": "Parbhani"
      },
      {
        "name": "Pune"
      },
      {
        "name": "Raigarh"
      },
      {
        "name": "Ratnagiri"
      },
      {
        "name": "Sangli"
      },
      {
        "name": "Satara"
      },
      {
        "name": "Sindhudurg"
      },
      {
        "name": "Solapur"
      },
      {
        "name": "Thane"
      },
      {
        "name": "Wardha"
      },
      {
        "name": "Washim"
      },
      {
        "name": "Yavatmal"
      }
    ]
  },
  "MANIPUR": {
    "districts": [
      {
        "name": "Bishnupur"
      },
      {
        "name": "Chandel"
      },
      {
        "name": "Churachandpur"
      },
      {
        "name": "Imphal East"
      },
      {
        "name": "Imphal West"
      },
      {
        "name": "Jiribam"
      },
      {
        "name": "Kakching"
      },
      {
        "name": "Kamjong"
      },
      {
        "name": "Kangpokpi"
      },
      {
        "name": "Noney"
      },
      {
        "name": "Pherzawl"
      },
      {
        "name": "Senapati"
      },
      {
        "name": "Tamenglong"
      },
      {
        "name": "Tengnoupal"
      },
      {
        "name": "Thoubal"
      },
      {
        "name": "Ukhrul"
      }
    ]
  },
  "MEGHALAYA": {
    "districts": [
      {
        "name": "East Garo Hills"
      },
      {
        "name": "East Jaintia Hills"
      },
      {
        "name": "East Khasi Hills"
      },
      {
        "name": "Jaintia Hills"
      },
      {
        "name": "North Garo Hills"
      },
      {
        "name": "Ribhoi"
      },
      {
        "name": "South Garo Hills"
      },
      {
        "name": "South West Garo Hills"
      },
      {
        "name": "South West Khasi Hills"
      },
      {
        "name": "West Garo Hills"
      },
      {
        "name": "West Jaintia Hills"
      },
      {
        "name": "West Khasi Hills"
      }
    ]
  },
  "MIZORAM": {
    "districts": [
      {
        "name": "Aizawl"
      },
      {
        "name": "Champhai"
      },
      {
        "name": "Kolasib"
      },
      {
        "name": "Lawngtlai"
      },
      {
        "name": "Lunglei"
      },
      {
        "name": "Mamit"
      },
      {
        "name": "Saiha"
      },
      {
        "name": "Serchhip"
      }
    ]
  },
  "NAGALAND": {
    "districts": [
      {
        "name": "Dimapur"
      },
      {
        "name": "Kiphire"
      },
      {
        "name": "Kohima"
      },
      {
        "name": "Longleng"
      },
      {
        "name": "Mokokchung"
      },
      {
        "name": "Mon"
      },
      {
        "name": "Peren"
      },
      {
        "name": "Phek"
      },
      {
        "name": "Tuensang"
      },
      {
        "name": "Wokha"
      },
      {
        "name": "Zunheboto"
      }
    ]
  },
  "NCT OF DELHI": {
    "districts": [
      {
        "name": "Central"
      },
      {
        "name": "East"
      },
      {
        "name": "New Delhi"
      },
      {
        "name": "North"
      },
      {
        "name": "North East"
      },
      {
        "name": "North West"
      },
      {
        "name": "Shahdara"
      },
      {
        "name": "South"
      },
      {
        "name": "South East Delhi"
      },
      {
        "name": "South West"
      },
      {
        "name": "West"
      }
    ]
  },
  "ODISHA": {
    "districts": [
      {
        "name": "Anugul"
      },
      {
        "name": "Balangir"
      },
      {
        "name": "Baleshwar"
      },
      {
        "name": "Bargarh"
      },
      {
        "name": "Baudh"
      },
      {
        "name": "Bhadrak"
      },
      {
        "name": "Cuttack"
      },
      {
        "name": "Debagarh"
      },
      {
        "name": "Dhenkanal"
      },
      {
        "name": "Gajapati"
      },
      {
        "name": "Ganjam"
      },
      {
        "name": "Jagatsinghapur"
      },
      {
        "name": "Jajapur"
      },
      {
        "name": "Jharsuguda"
      },
      {
        "name": "Kalahandi"
      },
      {
        "name": "Kandhamal"
      },
      {
        "name": "Kendrapara"
      },
      {
        "name": "Kendujhar"
      },
      {
        "name": "Khordha"
      },
      {
        "name": "Koraput"
      },
      {
        "name": "Malkangiri"
      },
      {
        "name": "Mayurbhanj"
      },
      {
        "name": "Nabarangapur"
      },
      {
        "name": "Nayagarh"
      },
      {
        "name": "Nuapada"
      },
      {
        "name": "Puri"
      },
      {
        "name": "Rayagada"
      },
      {
        "name": "Sambalpur"
      },
      {
        "name": "Subarnapur"
      },
      {
        "name": "Sundargarh"
      }
    ]
  },
  "PUDUCHERRY": {
    "districts": [
      {
        "name": "Karaikal"
      },
      {
        "name": "Mahe"
      },
      {
        "name": "Puducherry"
      },
      {
        "name": "Yanam"
      }
    ]
  },
  "PUNJAB": {
    "districts": [
      {
        "name": "Amritsar"
      },
      {
        "name": "Barnala"
      },
      {
        "name": "Bathinda"
      },
      {
        "name": "Faridkot"
      },
      {
        "name": "Fatehgarh Sahib"
      },
      {
        "name": "Fazilka"
      },
      {
        "name": "Firozpur"
      },
      {
        "name": "Gurdaspur"
      },
      {
        "name": "Hoshiarpur"
      },
      {
        "name": "Jalandhar"
      },
      {
        "name": "Kapurthala"
      },
      {
        "name": "Ludhiana"
      },
      {
        "name": "Mansa"
      },
      {
        "name": "Moga"
      },
      {
        "name": "Muktsar"
      },
      {
        "name": "Pathankot"
      },
      {
        "name": "Patiala"
      },
      {
        "name": "Rupnagar"
      },
      {
        "name": "Sahibzada Ajit Singh Nagar"
      },
      {
        "name": "Sangrur"
      },
      {
        "name": "Shahid Bhagat Singh Nagar"
      },
      {
        "name": "Tarn Taran"
      }
    ]
  },
  "RAJASTHAN": {
    "districts": [
      {
        "name": "Ajmer"
      },
      {
        "name": "Alwar"
      },
      {
        "name": "Banswara"
      },
      {
        "name": "Baran"
      },
      {
        "name": "Barmer"
      },
      {
        "name": "Bharatpur"
      },
      {
        "name": "Bhilwara"
      },
      {
        "name": "Bikaner"
      },
      {
        "name": "Bundi"
      },
      {
        "name": "Chittaurgarh"
      },
      {
        "name": "Churu"
      },
      {
        "name": "Dausa"
      },
      {
        "name": "Dhaulpur"
      },
      {
        "name": "Dungarpur"
      },
      {
        "name": "Hanumangarh"
      },
      {
        "name": "Jaipur"
      },
      {
        "name": "Jaisalmer"
      },
      {
        "name": "Jalor"
      },
      {
        "name": "Jhalawar"
      },
      {
        "name": "Jhunjhunun"
      },
      {
        "name": "Jodhpur"
      },
      {
        "name": "Karauli"
      },
      {
        "name": "Kota"
      },
      {
        "name": "Nagaur"
      },
      {
        "name": "Pali"
      },
      {
        "name": "Pratapgarh"
      },
      {
        "name": "Rajsamand"
      },
      {
        "name": "Sawai Madhopur"
      },
      {
        "name": "Sikar"
      },
      {
        "name": "Sirohi"
      },
      {
        "name": "Sri Ganganagar"
      },
      {
        "name": "Tonk"
      },
      {
        "name": "Udaipur"
      }
    ]
  },
  "SIKKIM": {
    "districts": [
      {
        "name": "East District"
      },
      {
        "name": "North  District"
      },
      {
        "name": "South District"
      },
      {
        "name": "West District"
      }
    ]
  },
  "TAMIL NADU": {
    "districts": [
      {
        "name": "Ariyalur"
      },
      {
        "name": "Chennai"
      },
      {
        "name": "Coimbatore"
      },
      {
        "name": "Cuddalore"
      },
      {
        "name": "Dharmapuri"
      },
      {
        "name": "Dindigul"
      },
      {
        "name": "Erode"
      },
      {
        "name": "Kancheepuram"
      },
      {
        "name": "Kanniyakumari"
      },
      {
        "name": "Karur"
      },
      {
        "name": "Krishnagiri"
      },
      {
        "name": "Madurai"
      },
      {
        "name": "Nagapattinam"
      },
      {
        "name": "Namakkal"
      },
      {
        "name": "Perambalur"
      },
      {
        "name": "Pudukkottai"
      },
      {
        "name": "Ramanathapuram"
      },
      {
        "name": "Salem"
      },
      {
        "name": "Sivaganga"
      },
      {
        "name": "Thanjavur"
      },
      {
        "name": "The Nilgiris"
      },
      {
        "name": "Theni"
      },
      {
        "name": "Thiruvallur"
      },
      {
        "name": "Thiruvarur"
      },
      {
        "name": "Thoothukkudi"
      },
      {
        "name": "Tiruchirappalli"
      },
      {
        "name": "Tirunelveli"
      },
      {
        "name": "Tiruppur"
      },
      {
        "name": "Tiruvannamalai"
      },
      {
        "name": "Vellore"
      },
      {
        "name": "Viluppuram"
      },
      {
        "name": "Virudhunagar"
      }
    ]
  },
  "TELANGANA": {
    "districts": [
      {
        "name": "Adilabad"
      },
      {
        "name": "Bhadradri"
      },
      {
        "name": "Hyderabad"
      },
      {
        "name": "Jagtial"
      },
      {
        "name": "Jangaon"
      },
      {
        "name": "Jayashankar"
      },
      {
        "name": "Jogulamba"
      },
      {
        "name": "Kamareddy"
      },
      {
        "name": "Karimnagar"
      },
      {
        "name": "Khammam"
      },
      {
        "name": "Komaram Bheem"
      },
      {
        "name": "Mahabubabad"
      },
      {
        "name": "Mahbubnagar"
      },
      {
        "name": "Mancherial"
      },
      {
        "name": "Medak"
      },
      {
        "name": "Medchal-Malkajgiri"
      },
      {
        "name": "Nagarkurnool"
      },
      {
        "name": "Nalgonda"
      },
      {
        "name": "Nirmal"
      },
      {
        "name": "Nizamabad"
      },
      {
        "name": "Peddapalli"
      },
      {
        "name": "Rajanna"
      },
      {
        "name": "Rangareddy"
      },
      {
        "name": "Sangareddy"
      },
      {
        "name": "Siddipet"
      },
      {
        "name": "Suryapet"
      },
      {
        "name": "Vikarabad"
      },
      {
        "name": "Wanaparthy"
      },
      {
        "name": "Warangal Rural"
      },
      {
        "name": "Warangal Urban"
      },
      {
        "name": "Yadadri"
      }
    ]
  },
  "TRIPURA": {
    "districts": [
      {
        "name": "Dhalai"
      },
      {
        "name": "Gomati"
      },
      {
        "name": "Khowai"
      },
      {
        "name": "North Tripura"
      },
      {
        "name": "Sepahijala"
      },
      {
        "name": "South Tripura"
      },
      {
        "name": "Unakoti"
      },
      {
        "name": "West Tripura"
      }
    ]
  },
  "UTTAR PRADESH": {
    "districts": [
      {
        "name": "Agra"
      },
      {
        "name": "Aligarh"
      },
      {
        "name": "Allahabad"
      },
      {
        "name": "Ambedkar Nagar"
      },
      {
        "name": "Amethi"
      },
      {
        "name": "Amroha"
      },
      {
        "name": "Auraiya"
      },
      {
        "name": "Azamgarh"
      },
      {
        "name": "Baghpat"
      },
      {
        "name": "Bahraich"
      },
      {
        "name": "Ballia"
      },
      {
        "name": "Balrampur"
      },
      {
        "name": "Banda"
      },
      {
        "name": "Bara Banki"
      },
      {
        "name": "Bareilly"
      },
      {
        "name": "Basti"
      },
      {
        "name": "Bhadohi"
      },
      {
        "name": "Bijnor"
      },
      {
        "name": "Budaun"
      },
      {
        "name": "Bulandshahr"
      },
      {
        "name": "Chandauli"
      },
      {
        "name": "Chitrakoot"
      },
      {
        "name": "Deoria"
      },
      {
        "name": "Etah"
      },
      {
        "name": "Etawah"
      },
      {
        "name": "Faizabad"
      },
      {
        "name": "Farrukhabad"
      },
      {
        "name": "Fatehpur"
      },
      {
        "name": "Firozabad"
      },
      {
        "name": "Gautam Buddha Nagar"
      },
      {
        "name": "Ghaziabad"
      },
      {
        "name": "Ghazipur"
      },
      {
        "name": "Gonda"
      },
      {
        "name": "Gorakhpur"
      },
      {
        "name": "Hamirpur"
      },
      {
        "name": "Hapur"
      },
      {
        "name": "Hardoi"
      },
      {
        "name": "Hathras"
      },
      {
        "name": "Jalaun"
      },
      {
        "name": "Jaunpur"
      },
      {
        "name": "Jhansi"
      },
      {
        "name": "Kannauj"
      },
      {
        "name": "Kanpur Dehat"
      },
      {
        "name": "Kanpur Nagar"
      },
      {
        "name": "Kasganj"
      },
      {
        "name": "Kaushambi"
      },
      {
        "name": "Kheri"
      },
      {
        "name": "Kushinagar"
      },
      {
        "name": "Lalitpur"
      },
      {
        "name": "Lucknow"
      },
      {
        "name": "Mahoba"
      },
      {
        "name": "Mahrajganj"
      },
      {
        "name": "Mainpuri"
      },
      {
        "name": "Mathura"
      },
      {
        "name": "Mau"
      },
      {
        "name": "Meerut"
      },
      {
        "name": "Mirzapur"
      },
      {
        "name": "Moradabad"
      },
      {
        "name": "Muzaffarnagar"
      },
      {
        "name": "Pilibhit"
      },
      {
        "name": "Pratapgarh"
      },
      {
        "name": "Rae Bareli"
      },
      {
        "name": "Rampur"
      },
      {
        "name": "Saharanpur"
      },
      {
        "name": "Sambhal"
      },
      {
        "name": "Sant Kabir Nagar"
      },
      {
        "name": "Shahjahanpur"
      },
      {
        "name": "Shamli"
      },
      {
        "name": "Shrawasti"
      },
      {
        "name": "Siddharthnagar"
      },
      {
        "name": "Sitapur"
      },
      {
        "name": "Sonbhadra"
      },
      {
        "name": "Sultanpur"
      },
      {
        "name": "Unnao"
      },
      {
        "name": "Varanasi"
      }
    ]
  },
  "UTTARAKHAND": {
    "districts": [
      {
        "name": "Almora"
      },
      {
        "name": "Bageshwar"
      },
      {
        "name": "Chamoli"
      },
      {
        "name": "Champawat"
      },
      {
        "name": "Dehradun"
      },
      {
        "name": "Garhwal"
      },
      {
        "name": "Hardwar"
      },
      {
        "name": "Nainital"
      },
      {
        "name": "Pithoragarh"
      },
      {
        "name": "Rudraprayag"
      },
      {
        "name": "Tehri Garhwal"
      },
      {
        "name": "Udham Singh Nagar"
      },
      {
        "name": "Uttarkashi"
      }
    ]
  },
  "WEST BENGAL": {
    "districts": [
      {
        "name": "Alipurduar"
      },
      {
        "name": "Bankura"
      },
      {
        "name": "Barddhaman"
      },
      {
        "name": "Birbhum"
      },
      {
        "name": "Dakshin Dinajpur"
      },
      {
        "name": "Darjiling"
      },
      {
        "name": "Haora"
      },
      {
        "name": "Hugli"
      },
      {
        "name": "Jalpaiguri"
      },
      {
        "name": "Jhargram"
      },
      {
        "name": "Kalimpong"
      },
      {
        "name": "Koch Bihar"
      },
      {
        "name": "Kolkata"
      },
      {
        "name": "Maldah"
      },
      {
        "name": "Murshidabad"
      },
      {
        "name": "Nadia"
      },
      {
        "name": "North Twenty Four Parganas"
      },
      {
        "name": "Paschim Bardhaman"
      },
      {
        "name": "Paschim Medinipur"
      },
      {
        "name": "Purba Bardhaman"
      },
      {
        "name": "Purba Medinipur"
      },
      {
        "name": "Puruliya"
      },
      {
        "name": "South Twenty Four Parganas"
      },
      {
        "name": "Uttar Dinajpur"
      }
    ]
    }
  }
  